<?xml version="1.0" encoding="UTF-8"?><idempiere Name="20150413_CLIENT_Budget_Enhancement" Version="1.0" idempiereVersion="" DataBaseVersion="" Description="" Author="" AuthorEmail="" CreatedDate="2015-04-13 14:52:47.703" UpdatedDate="2015-04-13 14:52:47.703" PackOutVersion="100" UpdateDictionary="false" Client="11-GardenWorld-GardenWorld" AD_Client_UU="3268b9a8-10d8-466d-96e5-aa01166408fa">
    <C_DocType type="table">
        <AD_Org_ID reference="id">0</AD_Org_ID>
        <IsActive>Y</IsActive>
        <Name>Budget Journal</Name>
        <Description/>
        <IsDocNoControlled>Y</IsDocNoControlled>
        <DocNoSequence_ID reference="id"/>
        <GL_Category_ID reference="id">108</GL_Category_ID>
        <PrintName>Budget Journal</PrintName>
        <DocBaseType>BJ</DocBaseType>
        <DocumentNote/>
        <DocSubTypeSO/>
        <HasCharges>N</HasCharges>
        <HasProforma>N</HasProforma>
        <C_DocTypeProforma_ID reference="id"/>
        <C_DocTypeShipment_ID reference="id"/>
        <C_DocTypeInvoice_ID reference="id"/>
        <IsDefault>N</IsDefault>
        <DocumentCopies>1</DocumentCopies>
        <IsSOTrx>N</IsSOTrx>
        <AD_PrintFormat_ID reference="id"/>
        <IsDefaultCounterDoc>N</IsDefaultCounterDoc>
        <IsPickQAConfirm>N</IsPickQAConfirm>
        <IsShipConfirm>N</IsShipConfirm>
        <IsInTransit>N</IsInTransit>
        <C_DocTypeDifference_ID reference="id"/>
        <IsSplitWhenDifference>N</IsSplitWhenDifference>
        <IsCreateCounter>Y</IsCreateCounter>
        <IsIndexed>Y</IsIndexed>
        <IsOverwriteSeqOnComplete>N</IsOverwriteSeqOnComplete>
        <DefiniteSequence_ID reference="id"/>
        <IsOverwriteDateOnComplete>N</IsOverwriteDateOnComplete>
        <IsPrepareSplitDocument>Y</IsPrepareSplitDocument>
        <C_DocType_UU>7ef49c2a-321a-4c24-8e4c-671865cf3cf3</C_DocType_UU>
        <IsChargeOrProductMandatory>N</IsChargeOrProductMandatory>
        <DocSubTypeInv/>
    </C_DocType>
</idempiere>
